{
  "name": "scaling_worker_pool",
  "steps": [
    {
      "n_workers": 1,
      "total_tasks": 320,
      "assigned_tasks": 320,
      "throughput_tps": 476.4948259154147,
      "p50_ms": 2.125,
      "p95_ms": 212.463,
      "p99_ms": 355.268,
      "pool_utilization": 100,
      "duration_ms": 671.57
    },
    {
      "n_workers": 2,
      "total_tasks": 320,
      "assigned_tasks": 320,
      "throughput_tps": 912.2326044903652,
      "p50_ms": 2.126,
      "p95_ms": 61.933,
      "p99_ms": 163.454,
      "pool_utilization": 50,
      "duration_ms": 350.787
    },
    {
      "n_workers": 4,
      "total_tasks": 320,
      "assigned_tasks": 320,
      "throughput_tps": 1655.3362863773987,
      "p50_ms": 2.126,
      "p95_ms": 29.843,
      "p99_ms": 83.05,
      "pool_utilization": 100,
      "duration_ms": 193.314
    },
    {
      "n_workers": 8,
      "total_tasks": 320,
      "assigned_tasks": 320,
      "throughput_tps": 3304.223537000303,
      "p50_ms": 2.131,
      "p95_ms": 11.737,
      "p99_ms": 32.011,
      "pool_utilization": 100,
      "duration_ms": 96.845
    }
  ],
  "gain_at_max_n": 6.93443739006487,
  "min_gain_threshold": 1.5,
  "monotonic_non_degraded": true,
  "timestamp": "2026-07-12T16:23:59.588497137Z"
}